{
  "hash": "60e406c8b0ac0e37f3cbea6a2cc2b575",
  "result": {
    "engine": "knitr",
    "markdown": "---\ntitle: \"Plant composition\"\nauthor: Alex Koiter\n---\n\n\n\n\n\n\n\n\n\n\n\n## Load Libraries\n\n\n\n\n\n\n\n\n\n::: {.cell}\n\n```{.r .cell-code .hidden}\nlibrary(tidyverse)\n```\n\n::: {.cell-output .cell-output-stderr .hidden}\n\n```\n── Attaching core tidyverse packages ──────────────────────── tidyverse 2.0.0 ──\n✔ dplyr     1.1.4     ✔ readr     2.1.5\n✔ forcats   1.0.0     ✔ stringr   1.5.1\n✔ ggplot2   3.5.1     ✔ tibble    3.2.1\n✔ lubridate 1.9.4     ✔ tidyr     1.3.1\n✔ purrr     1.0.4     \n── Conflicts ────────────────────────────────────────── tidyverse_conflicts() ──\n✖ dplyr::filter() masks stats::filter()\n✖ dplyr::lag()    masks stats::lag()\nℹ Use the conflicted package (<http://conflicted.r-lib.org/>) to force all conflicts to become errors\n```\n\n\n:::\n\n```{.r .cell-code .hidden}\nlibrary(readxl)\nlibrary(RColorBrewer)\n```\n:::\n\n\n\n\n\n\n\n\n\n\n## Load data\n\n\n\n\n\n\n\n\n\n::: {.cell}\n\n```{.r .cell-code .hidden}\ndata <- read_excel(here::here(\"./notebooks/MBFI EXT 28 Keep Grazing Data 2019.xlsx\"), sheet = 1)  %>% \n  mutate_all(~str_replace(., \"<1\", \"0.1\")) %>% \n  mutate(across(everything(), ~replace_na(.x, \"0\"))) %>% \n  mutate(across(`Poa pratensis`: `Phragmites australis`, ~as.numeric(.x))) %>%\n  mutate(Plot = case_when(Plot == \"High Density\" ~ \"High Graze\",\n                          Plot == \"Low Density\" ~ \"Regular Graze\", \n                          TRUE ~ Plot)) %>%\n  mutate(`Area in landscape` = case_when(`Area in landscape` == \"Upland\" ~ \"Upper\",\n                                         `Area in landscape` == \"Midland\" ~ \"Middle\",\n                                         `Area in landscape` == \"Lowland\" ~ \"Lower\")) %>%\n  pivot_longer(cols = `Poa pratensis`: `Phragmites australis`, names_to = \"Plant\", values_to = \"Cover (%)\") %>%\n  mutate(location = paste(Plot, `Area in landscape`, sep= \"-\")) %>%\n  mutate(total = sum(`Cover (%)`), .by = \"Plant\") %>%\n  filter(total > 0) %>%\n  arrange(total) %>%\n  mutate(Plant = factor(Plant, level = unique(Plant)))\n```\n:::\n\n::: {.cell}\n\n```{.r .cell-code .hidden}\n#| label: fig-cover-plant\n#| fig-cap: \"Initial year (2019) cover assessment using the foliar cover method for each plot within the four riparian zones\"\n#| fig-alt: \"Heat map showing the plant species composition using the foliar cover method (%).\"\n#| \np1 <- ggplot(data, aes(location, Plant, fill = `Cover (%)`)) + \n  geom_tile() +\n  theme_bw(base_size = 12) +\n  theme(axis.text.x = element_text(angle = 90, vjust = 0.5, hjust=1),\n        axis.title = element_blank(),\n        legend.position = \"bottom\") +\n  scale_fill_distiller(palette = \"Greens\", direction = 0) +\n  facet_wrap(~Site, ncol = 4, scales = \"free_x\")\np1\n```\n\n::: {.cell-output-display}\n![](07_Plant_ID_files/figure-jats/unnamed-chunk-3-1.png)\n:::\n\n```{.r .cell-code .hidden}\n#ggsave(plot = p1, filename = \"plant_composition.png\", width = 300, height = 250, units = \"mm\", dpi = 600) \n```\n:::\n",
    "supporting": [
      "07_Plant_ID_files/figure-jats"
    ],
    "filters": [
      "rmarkdown/pagebreak.lua"
    ],
    "includes": {},
    "engineDependencies": {},
    "preserve": null,
    "postProcess": false
  }
}