<?xml version="1.0"?>
<!--<!DOCTYPE metadata SYSTEM "http://www.esri.com/metadata/esriprof80.dtd">-->
<metadata xml:lang="en"><Esri><MetaID>{75AEAA3B-AC79-4522-8205-5DC1072B4405}</MetaID><CreaDate>20140210</CreaDate><CreaTime>09360200</CreaTime><SyncOnce>TRUE</SyncOnce><DataProperties><lineage><Process ToolSource="C:\Program Files\ArcGIS\ArcToolbox\Toolboxes\Conversion Tools.tbx\RasterToPolygon" Date="20140210" Time="093602">RasterToPolygon Minnedosa2004-2006.tif C:\Geomatica_V91\user\AgroMbShapefiles2004-2006\MinnedosaShapefiles20042006\RasterT_Minnedo1.shp NO_SIMPLIFY Value</Process></lineage></DataProperties></Esri></metadata>
