{
  "hash": "4b19855d7aace205e06cddaf6a0b6bfe",
  "result": {
    "engine": "knitr",
    "markdown": "---\ntitle: Weather\nauthor: Alex Koiter\n---\n\n\n\n\n\n\n\n\n\n## Load Libraries\n\n\n\n\n\n\n\n\n\n::: {.cell}\n\n```{.r .cell-code .hidden}\nlibrary(tidyverse)\n```\n\n::: {.cell-output .cell-output-stderr .hidden}\n\n```\n── Attaching core tidyverse packages ──────────────────────── tidyverse 2.0.0 ──\n✔ dplyr     1.1.4     ✔ readr     2.1.5\n✔ forcats   1.0.0     ✔ stringr   1.5.1\n✔ ggplot2   3.5.1     ✔ tibble    3.2.1\n✔ lubridate 1.9.4     ✔ tidyr     1.3.1\n✔ purrr     1.0.4     \n── Conflicts ────────────────────────────────────────── tidyverse_conflicts() ──\n✖ dplyr::filter() masks stats::filter()\n✖ dplyr::lag()    masks stats::lag()\nℹ Use the conflicted package (<http://conflicted.r-lib.org/>) to force all conflicts to become errors\n```\n\n\n:::\n\n```{.r .cell-code .hidden}\nlibrary(readxl)\nlibrary(janitor)\n```\n\n::: {.cell-output .cell-output-stderr .hidden}\n\n```\n\nAttaching package: 'janitor'\n\nThe following objects are masked from 'package:stats':\n\n    chisq.test, fisher.test\n```\n\n\n:::\n:::\n\n\n\n\n\n\n\n\n\n\n## Read in data\n\n\n\n\n\n\n\n\n\n\n::: {.cell}\n\n```{.r .cell-code .hidden}\ndata <- read_excel(\"Forrest-Daily-TempRainSoil-20192021-AKoiter.xlsx\") %>%\n  clean_names() %>%\n  mutate(date = ymd(date),\n         year = year(date),\n         month = month(date)) %>%\n  filter(month >4, month < 11) \n```\n:::\n\n\n\n\n\n\n\n\n\n\n### precip data\n\n\n\n\n\n\n\n\n\n::: {.cell}\n\n```{.r .cell-code .hidden}\nprecip <- data %>%\n  group_by(year) %>%\n  mutate(cumu_precip = cumsum(pluvio_rain)) %>%\n  select(date, cumu_precip, pluvio_rain, year)\n```\n:::\n\n::: {.cell}\n\n```{.r .cell-code .hidden}\nggplot(data = data, aes(x = date, y = avg_air_t)) +\n  geom_point() +\n  theme_bw() +\n  facet_wrap(~year, scales = \"free_x\")\n```\n\n::: {.cell-output-display}\n![](06_Weather_files/figure-jats/unnamed-chunk-4-1.png)\n:::\n\n```{.r .cell-code .hidden}\nggplot(data = precip, aes(x = date, y = cumu_precip)) +\n  geom_point() +\n  theme_bw() +\n  facet_wrap(~year, scales = \"free_x\")\n```\n\n::: {.cell-output-display}\n![](06_Weather_files/figure-jats/unnamed-chunk-4-2.png)\n:::\n:::\n\n\n\n\n\n\n\n\n\n\n## Sampling dates\n\n\n\n\n\n\n\n\n\n::: {.cell}\n\n```{.r .cell-code .hidden}\nsampling <- tribble(\n  ~year,    ~start,                 ~end,                    ~ymin, ~ymax,\n  2019,   as_date(\"2019-09-03\"),  as_date(\"2019-09-15\"),   -Inf,    Inf,\n  2020,   as_date(\"2020-09-09\"),  as_date(\"2020-09-21\"),   -Inf,    Inf,\n  2021,   as_date(\"2021-09-04\"),  as_date(\"2021-09-16\"),   -Inf,    Inf)\n```\n:::\n\n::: {.cell}\n\n```{.r .cell-code .hidden}\n#| label: supp-weather-plot\n#| fig-cap: \"Average daily air temperature and cumulative rainfall over the growing season over the three year study. Red bars indicate sampling dates\"\n#| fig-alt: \"Average daily air temperature (blue) and cumulative rainfall (black) over the growing season over the three year study. Red bars indicate sampling dates\"\n\nggplot() + \n  theme_bw() +\n  geom_rect(data = sampling, aes(xmin = start, xmax = end, ymin = ymin, ymax = ymax), alpha = 0.3, fill = \"red\") +\n  geom_point(data = data, aes(x = date, y = avg_air_t), colour = \"skyblue4\", size = 2,  shape = 21, fill = \"white\") + \n  stat_smooth(data = data, aes(x = date, y = avg_air_t), method = \"loess\", se = FALSE, colour = \"skyblue4\", linewidth = 1) +\n  geom_line(data = precip, aes(x = date, y = cumu_precip/12 -10), colour = \"black\") +\n  scale_y_continuous(name = expression(\"Daily Temperature \" ( degree*C)), \n                     sec.axis = sec_axis(~ (. + 10) * 12 , name = \"Cumulative Precipitation (mm)\"),\n                     limits = c(-10, 30),\n                     expand = c(0, 0)) +\n  scale_x_date(date_labels = \"%b\", \n               date_breaks = \"1 month\", \n               expand = c(0.05,0.05)) +\n  theme(axis.text.x = element_text(angle = 90, vjust = 0.5, hjust = 1),\n        axis.title.x = element_blank()) +\n  facet_wrap(~year, scale = \"free_x\")\n```\n\n::: {.cell-output .cell-output-stderr .hidden}\n\n```\n`geom_smooth()` using formula = 'y ~ x'\n```\n\n\n:::\n\n::: {.cell-output-display}\n![Average daily air temperature and cumulative rainfall over the growing season over the three year study. Red bars indicate sampling dates](06_Weather_files/figure-jats/supp-weather-plot-1.png){fig-alt='Average daily air temperature (blue) and cumulative rainfall (black) over the growing season over the three year study. Red bars indicate sampling dates'}\n:::\n:::",
    "supporting": [
      "06_Weather_files/figure-jats"
    ],
    "filters": [
      "rmarkdown/pagebreak.lua"
    ],
    "includes": {},
    "engineDependencies": {},
    "preserve": null,
    "postProcess": false
  }
}